date,time,tank,treatment,rack_no,position,frag_id
20221205,evening,1,baseline,1,1,9 1
20221205,evening,1,baseline,1,2,8 1
20221205,evening,1,baseline,1,3,18 1
20221205,evening,1,baseline,1,4,10 1
20221205,evening,1,baseline,1,5,1 1
20221205,evening,1,baseline,1,6,12 1
20221205,evening,1,baseline,1,7,6 1
20221205,evening,1,baseline,2,1,5 1
20221205,evening,1,baseline,2,2,3 1
20221205,evening,1,baseline,2,3,11 1
20221205,evening,1,baseline,2,4,13 1
20221205,evening,1,baseline,2,5,2 1
20221205,evening,1,baseline,2,6,15 1
20221205,evening,1,baseline,3,1,17 1
20221205,evening,1,baseline,3,2,4 1
20221205,evening,1,baseline,3,3,20 1
20221205,evening,1,baseline,3,4,7 1
20221205,evening,1,baseline,3,5,16 1
20221205,evening,1,baseline,3,6,19 1
20221205,evening,1,baseline,4,1,15 2
20221205,evening,1,baseline,4,2,4 2
20221205,evening,1,baseline,4,3,14 2
20221205,evening,1,baseline,4,4,17 2
20221205,evening,1,baseline,4,5,1 2
20221205,evening,1,baseline,4,6,5 2
20221205,evening,1,baseline,5,1,11 2
20221205,evening,1,baseline,5,2,8 2
20221205,evening,1,baseline,5,3,6 2
20221205,evening,1,baseline,5,4,16 2
20221205,evening,1,baseline,5,5,19 2
20221205,evening,2,baseline,5,6,17 3
20221205,evening,1,baseline,6,1,2 2
20221205,evening,1,baseline,6,2,9 2
20221205,evening,1,baseline,6,3,7 2
20221205,evening,1,baseline,6,4,10 2
20221205,evening,1,baseline,6,5,18 2
20221205,evening,1,baseline,6,6,13 2
20221205,evening,1,baseline,7,1,20 2
20221205,evening,1,baseline,7,2,12 2
20221205,evening,1,baseline,7,3,3 2
20221205,evening,1,baseline,7,4,14 1
20221205,evening,2,baseline,8,1,15 3
20221205,evening,2,baseline,8,2,9 3
20221205,evening,2,baseline,8,3,4 3
20221205,evening,2,baseline,8,4,2 3
20221205,evening,2,baseline,8,5,7 3
20221205,evening,2,baseline,8,6,8 3
20221205,evening,2,baseline,9,1,20 3
20221205,evening,2,baseline,9,2,19 3
20221205,evening,2,baseline,9,3,12 3
20221205,evening,2,baseline,9,4,11 3
20221205,evening,2,baseline,9,5,6 3
20221205,evening,2,baseline,9,6,18 3
20221205,evening,2,baseline,10,1,5 3
20221205,evening,2,baseline,10,2,1 3
20221205,evening,2,baseline,10,3,10 3
20221205,evening,2,baseline,10,4,14 3
20221205,evening,2,baseline,10,5,16 3
20221205,evening,2,baseline,10,6,13 3
20221205,evening,2,baseline,10,7,3 3
20221205,evening,2,baseline,11,1,3 4
20221205,evening,2,baseline,11,2,14 4
20221205,evening,2,baseline,11,3,15 4
20221205,evening,2,baseline,11,4,5 4
20221205,evening,2,baseline,11,5,16 4
20221205,evening,2,baseline,11,6,13 4
20221205,evening,2,baseline,12,1,1 4
20221205,evening,2,baseline,12,2,8 4
20221205,evening,2,baseline,12,3,10 4
20221205,evening,2,baseline,12,4,11 4
20221205,evening,2,baseline,12,5,4 4
20221205,evening,2,baseline,12,6,9 4
20221205,evening,2,baseline,13,1,20 4
20221205,evening,2,baseline,13,2,6 4
20221205,evening,2,baseline,13,3,2 4
20221205,evening,2,baseline,13,4,7 4
20221205,evening,2,baseline,13,5,12 4
20221205,evening,2,baseline,13,6,17 4
20221205,evening,2,baseline,14,1,19 4
20221205,evening,2,baseline,14,2,18 4
20221205,evening,3,baseline,15,1,2 5
20221205,evening,3,baseline,15,2,7 5
20221205,evening,3,baseline,15,3,13 5
20221205,evening,3,baseline,15,4,3 5
20221205,evening,3,baseline,15,5,1 5
20221205,evening,3,baseline,15,6,11 5
20221205,evening,3,baseline,16,1,12 5
20221205,evening,3,baseline,16,2,16 5
20221205,evening,3,baseline,16,3,14 5
20221205,evening,3,baseline,16,4,10 5
20221205,evening,3,baseline,16,5,20 5
20221205,evening,3,baseline,16,6,5 5
20221205,evening,3,baseline,17,1,8 5
20221205,evening,3,baseline,17,2,6 5
20221205,evening,3,baseline,17,3,9 5
20221205,evening,3,baseline,17,4,17 5
20221205,evening,3,baseline,17,5,15 5
20221205,evening,3,baseline,17,6,4 5
20221205,evening,3,baseline,18,1,19 5
20221205,evening,3,baseline,18,2,18 5
20221205,evening,3,baseline,19,1,2 6
20221205,evening,3,baseline,19,2,11 6
20221205,evening,3,baseline,19,3,6 6
20221205,evening,3,baseline,19,4,19 6
20221205,evening,3,baseline,19,5,5 6
20221205,evening,3,baseline,19,6,1 6
20221205,evening,3,baseline,20,1,4 6
20221205,evening,3,baseline,20,2,3 6
20221205,evening,3,baseline,20,3,10 6
20221205,evening,3,baseline,20,4,7 6
20221205,evening,3,baseline,20,5,14 6
20221205,evening,3,baseline,20,6,18 6
20221205,evening,3,baseline,21,1,8 6
20221205,evening,3,baseline,21,2,17 6
20221205,evening,3,baseline,21,3,9 6
20221205,evening,3,baseline,21,4,20 6
20221205,evening,3,baseline,21,5,15 6
20221205,evening,3,baseline,21,6,16 6
20221205,evening,3,baseline,22,1,12 6
20221205,evening,3,baseline,22,2,13 6
20221205,evening,4,baseline,23,1,20 7
20221205,evening,4,baseline,23,2,7 7
20221205,evening,4,baseline,23,3,13 7
20221205,evening,4,baseline,23,4,11 7
20221205,evening,4,baseline,23,5,4 7
20221205,evening,4,baseline,23,6,18 7
20221205,evening,4,baseline,24,1,14 7
20221205,evening,4,baseline,24,2,2 7
20221205,evening,4,baseline,24,3,1 7
20221205,evening,4,baseline,24,4,16 7
20221205,evening,4,baseline,24,5,10 7
20221205,evening,4,baseline,24,6,5 7
20221205,evening,4,baseline,25,1,8 7
20221205,evening,4,baseline,25,2,3 7
20221205,evening,4,baseline,25,3,7 8
20221205,evening,4,baseline,25,4,19 7
20221205,evening,4,baseline,25,5,12 7
20221205,evening,4,baseline,25,6,15 7
20221205,evening,4,baseline,26,1,17 7
20221205,evening,4,baseline,26,2,9 7
20221205,evening,4,baseline,26,3,6 7
20221205,evening,4,baseline,27,1,12 8
20221205,evening,4,baseline,27,2,20 8
20221205,evening,4,baseline,27,3,11 8
20221205,evening,4,baseline,27,4,19 8
20221205,evening,4,baseline,27,5,3 8
20221205,evening,4,baseline,27,6,10 8
20221205,evening,4,baseline,28,1,13 8
20221205,evening,4,baseline,28,2,18 8
20221205,evening,4,baseline,28,3,5 8
20221205,evening,4,baseline,28,4,6 8
20221205,evening,4,baseline,28,5,4 8
20221205,evening,4,baseline,28,6,1 8
20221205,evening,4,baseline,29,1,2 8
20221205,evening,4,baseline,29,2,17 8
20221205,evening,4,baseline,29,3,16 8
20221205,evening,4,baseline,29,4,9 8
20221205,evening,4,baseline,29,5,15 8
20221205,evening,4,baseline,29,6,14 8
20221205,evening,4,baseline,29,7,8 8
20221206,evening,1,ambient,1,1,7 1
20221206,evening,1,ambient,1,2,17 1
20221206,evening,1,ambient,1,3,16 1
20221206,evening,1,ambient,1,4,4 1
20221206,evening,1,ambient,1,5,19 1
20221206,evening,1,ambient,1,6,20 1
20221206,evening,1,ambient,2,1,13 1
20221206,evening,1,ambient,2,2,2 1
20221206,evening,1,ambient,2,3,15 1
20221206,evening,1,ambient,2,4,6 1
20221206,evening,1,ambient,2,5,11 1
20221206,evening,1,ambient,2,6,3 1
20221206,evening,1,ambient,3,1,5 1
20221206,evening,1,ambient,3,2,10 1
20221206,evening,1,ambient,3,3,1 1
20221206,evening,1,ambient,3,4,12 1
20221206,evening,1,ambient,3,5,18 1
20221206,evening,1,ambient,3,6,8 1
20221206,evening,1,ambient,3,7,9 1
20221206,evening,1,ambient,4,1,3 2
20221206,evening,1,ambient,4,2,12 2
20221206,evening,1,ambient,4,3,14 1
20221206,evening,1,ambient,4,4,13 2
20221206,evening,1,ambient,4,5,18 2
20221206,evening,1,ambient,4,6,20 2
20221206,evening,1,ambient,5,1,2 2
20221206,evening,1,ambient,5,2,9 2
20221206,evening,1,ambient,5,3,10 2
20221206,evening,1,ambient,5,4,7 2
20221206,evening,1,ambient,5,5,19 2
20221206,evening,1,ambient,5,6,6 2
20221206,evening,1,ambient,6,1,5 2
20221206,evening,1,ambient,6,2,16 2
20221206,evening,1,ambient,6,3,1 2
20221206,evening,1,ambient,6,4,14 2
20221206,evening,1,ambient,6,5,4 2
20221206,evening,1,ambient,6,6,15 2
20221206,evening,1,ambient,7,1,8 2
20221206,evening,1,ambient,7,2,17 2
20221206,evening,1,ambient,7,3,11 2
20221206,evening,2,high,8,1,4 3
20221206,evening,2,high,8,2,9 3
20221206,evening,2,high,8,3,17 3
20221206,evening,2,high,8,4,15 3
20221206,evening,2,high,8,5,7 3
20221206,evening,2,high,8,6,8 3
20221206,evening,2,high,9,1,2 3
20221206,evening,2,high,9,2,12 3
20221206,evening,2,high,9,3,19 3
20221206,evening,2,high,9,4,20 3
20221206,evening,2,high,9,5,11 3
20221206,evening,2,high,9,6,18 3
20221206,evening,2,high,10,1,6 3
20221206,evening,2,high,10,2,5 3
20221206,evening,2,high,10,3,10 3
20221206,evening,2,high,10,4,1 3
20221206,evening,2,high,10,5,14 3
20221206,evening,2,high,10,6,16 3
20221206,evening,2,high,11,1,13 3
20221206,evening,2,high,11,2,3 3
20221206,evening,2,high,12,1,19 4
20221206,evening,2,high,12,2,18 4
20221206,evening,2,high,12,3,7 4
20221206,evening,2,high,12,4,12 4
20221206,evening,2,high,12,5,17 4
20221206,evening,2,high,12,6,20 4
20221206,evening,2,high,13,1,6 4
20221206,evening,2,high,13,2,11 4
20221206,evening,2,high,13,3,4 4
20221206,evening,2,high,13,4,2 4
20221206,evening,2,high,13,5,9 4
20221206,evening,2,high,13,6,8 4
20221206,evening,2,high,14,1,1 4
20221206,evening,2,high,14,2,10 4
20221206,evening,2,high,14,3,5 4
20221206,evening,2,high,14,4,16 4
20221206,evening,2,high,14,5,13 4
20221206,evening,2,high,14,6,3 4
20221206,evening,2,high,15,1,14 4
20221206,evening,2,high,15,2,15 4
20221206,evening,3,high,16,1,2 5
20221206,evening,3,high,16,2,7 5
20221206,evening,3,high,16,3,13 5
20221206,evening,3,high,16,4,12 5
20221206,evening,3,high,16,5,11 5
20221206,evening,3,high,16,6,3 5
20221206,evening,3,high,17,1,1 5
20221206,evening,3,high,17,2,14 5
20221206,evening,3,high,17,3,16 5
20221206,evening,3,high,17,4,10 5
20221206,evening,3,high,17,5,6 5
20221206,evening,3,high,17,6,20 5
20221206,evening,3,high,18,1,8 5
20221206,evening,3,high,18,2,5 5
20221206,evening,3,high,18,3,15 5
20221206,evening,3,high,18,4,9 5
20221206,evening,3,high,18,5,17 5
20221206,evening,3,high,18,6,4 5
20221206,evening,3,high,19,1,18 5
20221206,evening,3,high,19,2,19 5
20221206,evening,3,high,20,1,16 6
20221206,evening,3,high,20,2,12 6
20221206,evening,3,high,20,3,9 6
20221206,evening,3,high,20,4,13 6
20221206,evening,3,high,20,5,20 6
20221206,evening,3,high,20,6,15 6
20221206,evening,3,high,21,1,18 6
20221206,evening,3,high,21,2,14 6
20221206,evening,3,high,21,3,8 6
20221206,evening,3,high,21,4,17 6
20221206,evening,3,high,21,5,3 6
20221206,evening,3,high,21,6,10 6
20221206,evening,3,high,22,1,7 6
20221206,evening,3,high,22,2,19 6
20221206,evening,3,high,22,3,5 6
20221206,evening,3,high,22,4,1 6
20221206,evening,3,high,22,5,2 6
20221206,evening,3,high,22,6,11 6
20221206,evening,3,high,23,1,4 6
20221206,evening,3,high,23,2,6 6
20221206,evening,4,ambient,24,1,6 7
20221206,evening,4,ambient,24,2,17 7
20221206,evening,4,ambient,24,3,9 7
20221206,evening,4,ambient,24,4,12 7
20221206,evening,4,ambient,24,5,19 7
20221206,evening,4,ambient,24,6,15 7
20221206,evening,4,ambient,25,1,8 7
20221206,evening,4,ambient,25,2,3 7
20221206,evening,4,ambient,25,3,7 8
20221206,evening,4,ambient,25,4,16 7
20221206,evening,4,ambient,25,5,10 7
20221206,evening,4,ambient,25,6,5 7
20221206,evening,4,ambient,26,1,14 7
20221206,evening,4,ambient,26,2,11 7
20221206,evening,4,ambient,26,3,2 7
20221206,evening,4,ambient,26,4,1 7
20221206,evening,4,ambient,26,5,18 7
20221206,evening,4,ambient,26,6,4 7
20221206,evening,4,ambient,27,1,20 7
20221206,evening,4,ambient,27,2,7 7
20221206,evening,4,ambient,27,3,13 7
20221206,evening,4,ambient,28,1,8 8
20221206,evening,4,ambient,28,2,14 8
20221206,evening,4,ambient,28,3,15 8
20221206,evening,4,ambient,28,4,9 8
20221206,evening,4,ambient,28,5,2 8
20221206,evening,4,ambient,28,6,17 8
20221206,evening,4,ambient,29,1,6 8
20221206,evening,4,ambient,29,2,16 8
20221206,evening,4,ambient,29,3,4 8
20221206,evening,4,ambient,29,4,1 8
20221206,evening,4,ambient,29,5,13 8
20221206,evening,4,ambient,29,6,5 8
20221206,evening,4,ambient,30,1,18 8
20221206,evening,4,ambient,30,2,19 8
20221206,evening,4,ambient,30,3,3 8
20221206,evening,4,ambient,30,4,10 8
20221206,evening,4,ambient,30,5,11 8
20221206,evening,4,ambient,30,6,10 8
20221206,evening,4,ambient,30,7,12 8
20221207,evening,1,ambient,1,1,16 1
20221207,evening,1,ambient,1,2,17 1
20221207,evening,1,ambient,1,3,7 1
20221207,evening,1,ambient,1,4,19 1
20221207,evening,1,ambient,1,5,4 1
20221207,evening,1,ambient,1,6,20 1
20221207,evening,1,ambient,2,1,11 1
20221207,evening,1,ambient,2,2,13 1
20221207,evening,1,ambient,2,3,15 1
20221207,evening,1,ambient,2,4,6 1
20221207,evening,1,ambient,2,5,2 1
20221207,evening,1,ambient,2,6,3 1
20221207,evening,1,ambient,3,1,12 1
20221207,evening,1,ambient,3,2,9 1
20221207,evening,1,ambient,3,3,18 1
20221207,evening,1,ambient,3,4,8 1
20221207,evening,1,ambient,3,5,5 1
20221207,evening,1,ambient,3,6,10 1
20221207,evening,1,ambient,3,7,1 1
20221207,evening,1,ambient,4,1,13 2
20221207,evening,1,ambient,4,2,12 2
20221207,evening,1,ambient,4,3,3 2
20221207,evening,1,ambient,4,4,14 1
20221207,evening,1,ambient,4,5,18 2
20221207,evening,1,ambient,4,6,20 2
20221207,evening,1,ambient,5,1,9 2
20221207,evening,1,ambient,5,2,2 2
20221207,evening,1,ambient,5,3,10 2
20221207,evening,1,ambient,5,4,7 2
20221207,evening,1,ambient,5,5,6 2
20221207,evening,1,ambient,5,6,19 2
20221207,evening,1,ambient,6,1,16 2
20221207,evening,1,ambient,6,2,14 2
20221207,evening,1,ambient,6,3,5 2
20221207,evening,1,ambient,6,4,15 2
20221207,evening,1,ambient,6,5,1 2
20221207,evening,1,ambient,6,6,4 2
20221207,evening,1,ambient,7,1,11 2
20221207,evening,1,ambient,7,2,17 2
20221207,evening,1,ambient,7,3,8 2
20221207,evening,2,high,8,1,14 3
20221207,evening,2,high,8,2,17 3
20221207,evening,2,high,8,3,4 3
20221207,evening,2,high,8,4,9 3
20221207,evening,2,high,8,5,13 3
20221207,evening,2,high,8,6,15 3
20221207,evening,2,high,9,1,7 3
20221207,evening,2,high,9,2,8 3
20221207,evening,2,high,9,3,2 3
20221207,evening,2,high,9,4,19 3
20221207,evening,2,high,9,5,20 3
20221207,evening,2,high,9,6,12 3
20221207,evening,2,high,10,1,11 3
20221207,evening,2,high,10,2,18 3
20221207,evening,2,high,10,3,10 3
20221207,evening,2,high,10,4,1 3
20221207,evening,2,high,10,5,5 3
20221207,evening,2,high,10,6,6 3
20221207,evening,2,high,11,1,3 3
20221207,evening,2,high,11,2,16 3
20221207,evening,2,high,12,1,15 4
20221207,evening,2,high,12,2,14 4
20221207,evening,2,high,12,3,13 4
20221207,evening,2,high,12,4,16 4
20221207,evening,2,high,12,5,3 4
20221207,evening,2,high,12,6,10 4
20221207,evening,2,high,13,1,1 4
20221207,evening,2,high,13,2,5 4
20221207,evening,2,high,13,3,8 4
20221207,evening,2,high,13,4,9 4
20221207,evening,2,high,13,5,2 4
20221207,evening,2,high,13,6,4 4
20221207,evening,2,high,14,1,11 4
20221207,evening,2,high,14,2,6 4
20221207,evening,2,high,14,3,7 4
20221207,evening,2,high,14,4,17 4
20221207,evening,2,high,14,5,20 4
20221207,evening,2,high,14,6,18 4
20221207,evening,2,high,15,1,19 4
20221207,evening,2,high,15,2,12 4
20221207,evening,3,high,16,1,4 5
20221207,evening,3,high,16,2,18 5
20221207,evening,3,high,16,3,19 5
20221207,evening,3,high,16,4,15 5
20221207,evening,3,high,16,5,17 5
20221207,evening,3,high,16,6,8 5
20221207,evening,3,high,17,1,5 5
20221207,evening,3,high,17,2,9 5
20221207,evening,3,high,17,3,16 5
20221207,evening,3,high,17,4,14 5
20221207,evening,3,high,17,5,20 5
20221207,evening,3,high,17,6,1 5
20221207,evening,3,high,18,1,3 5
20221207,evening,3,high,18,2,10 5
20221207,evening,3,high,18,3,6 5
20221207,evening,3,high,18,4,2 5
20221207,evening,3,high,18,5,12 5
20221207,evening,3,high,18,6,11 5
20221207,evening,3,high,19,1,7 5
20221207,evening,3,high,19,2,13 5
20221207,evening,3,high,20,1,19 6
20221207,evening,3,high,20,2,6 6
20221207,evening,3,high,20,3,4 6
20221207,evening,3,high,20,4,7 6
20221207,evening,3,high,20,5,11 6
20221207,evening,3,high,20,6,2 6
20221207,evening,3,high,21,1,10 6
20221207,evening,3,high,21,2,1 6
20221207,evening,3,high,21,3,3 6
20221207,evening,3,high,21,4,14 6
20221207,evening,3,high,21,5,18 6
20221207,evening,3,high,21,6,8 6
20221207,evening,3,high,22,1,5 6
20221207,evening,3,high,22,2,20 6
20221207,evening,3,high,22,3,17 6
20221207,evening,3,high,22,4,9 6
20221207,evening,3,high,22,5,13 6
20221207,evening,3,high,22,6,16 6
20221207,evening,3,high,23,1,15 6
20221207,evening,3,high,23,2,12 6
20221207,evening,4,ambient,24,1,20 7
20221207,evening,4,ambient,24,2,2 7
20221207,evening,4,ambient,24,3,13 7
20221207,evening,4,ambient,24,4,7 7
20221207,evening,4,ambient,24,5,16 7
20221207,evening,4,ambient,24,6,18 7
20221207,evening,4,ambient,25,1,4 7
20221207,evening,4,ambient,25,2,14 7
20221207,evening,4,ambient,25,3,10 7
20221207,evening,4,ambient,25,4,11 7
20221207,evening,4,ambient,25,5,1 7
20221207,evening,4,ambient,25,6,5 7
20221207,evening,4,ambient,26,1,8 7
20221207,evening,4,ambient,26,2,7 8
20221207,evening,4,ambient,26,3,3 7
20221207,evening,4,ambient,26,4,9 7
20221207,evening,4,ambient,26,5,15 7
20221207,evening,4,ambient,26,6,6 7
20221207,evening,4,ambient,27,1,19 7
20221207,evening,4,ambient,27,2,17 7
20221207,evening,4,ambient,27,3,12 7
20221207,evening,4,ambient,28,1,11 8
20221207,evening,4,ambient,28,2,3 8
20221207,evening,4,ambient,28,3,10 8
20221207,evening,4,ambient,28,4,18 8
20221207,evening,4,ambient,28,5,19 8
20221207,evening,4,ambient,28,6,4 8
20221207,evening,4,ambient,29,1,16 8
20221207,evening,4,ambient,29,2,5 8
20221207,evening,4,ambient,29,3,12 8
20221207,evening,4,ambient,29,4,1 8
20221207,evening,4,ambient,29,5,6 8
20221207,evening,4,ambient,29,6,13 8
20221207,evening,4,ambient,30,1,2 8
20221207,evening,4,ambient,30,2,15 8
20221207,evening,4,ambient,30,3,17 8
20221207,evening,4,ambient,30,4,9 8
20221207,evening,4,ambient,30,5,14 8
20221207,evening,4,ambient,30,6,8 8
20221207,evening,4,ambient,31,1,20 8
20221208,evening,1,ambient,1,1,20 2
20221208,evening,1,ambient,1,2,8 2
20221208,evening,1,ambient,1,3,7 2
20221208,evening,1,ambient,1,4,14 1
20221208,evening,1,ambient,1,5,12 2
20221208,evening,1,ambient,1,6,19 2
20221208,evening,1,ambient,1,7,13 2
20221208,evening,1,ambient,1,8,18 2
20221208,evening,1,ambient,2,1,2 2
20221208,evening,1,ambient,2,2,4 2
20221208,evening,1,ambient,2,3,3 2
20221208,evening,1,ambient,2,4,9 2
20221208,evening,1,ambient,2,5,11 2
20221208,evening,1,ambient,2,6,6 2
20221208,evening,1,ambient,3,1,15 2
20221208,evening,1,ambient,3,2,5 2
20221208,evening,1,ambient,3,3,10 2
20221208,evening,1,ambient,3,4,16 2
20221208,evening,1,ambient,3,5,14 2
20221208,evening,1,ambient,3,6,1 2
20221208,evening,1,ambient,3,7,17 2
20221208,evening,1,ambient,4,1,16 1
20221208,evening,1,ambient,4,2,7 1
20221208,evening,1,ambient,4,3,17 1
20221208,evening,1,ambient,4,4,18 1
20221208,evening,1,ambient,4,5,19 1
20221208,evening,1,ambient,4,6,4 1
20221208,evening,1,ambient,4,7,20 1
20221208,evening,1,ambient,4,8,3 1
20221208,evening,1,ambient,5,1,15 1
20221208,evening,1,ambient,5,2,5 1
20221208,evening,1,ambient,5,3,6 1
20221208,evening,1,ambient,5,4,11 1
20221208,evening,1,ambient,5,5,13 1
20221208,evening,1,ambient,5,6,1 1
20221208,evening,1,ambient,6,1,2 1
20221208,evening,1,ambient,6,2,8 1
20221208,evening,1,ambient,6,3,10 1
20221208,evening,1,ambient,6,4,9 1
20221208,evening,1,ambient,6,5,12 1
20221208,evening,2,high,7,1,6 4
20221208,evening,2,high,7,2,7 4
20221208,evening,2,high,7,3,11 4
20221208,evening,2,high,7,4,18 4
20221208,evening,2,high,7,5,17 4
20221208,evening,2,high,7,6,20 4
20221208,evening,2,high,7,7,19 4
20221208,evening,2,high,7,8,9 4
20221208,evening,2,high,8,1,4 4
20221208,evening,2,high,8,2,2 4
20221208,evening,2,high,8,3,14 4
20221208,evening,2,high,8,4,13 4
20221208,evening,2,high,8,5,15 4
20221208,evening,2,high,8,6,12 4
20221208,evening,2,high,9,1,3 4
20221208,evening,2,high,9,2,8 4
20221208,evening,2,high,9,3,10 4
20221208,evening,2,high,9,4,16 4
20221208,evening,2,high,9,5,1 4
20221208,evening,2,high,9,6,5 4
20221208,evening,2,high,10,1,11 3
20221208,evening,2,high,10,2,15 3
20221208,evening,2,high,10,3,13 3
20221208,evening,2,high,10,4,4 3
20221208,evening,2,high,10,5,17 3
20221208,evening,2,high,10,6,14 3
20221208,evening,2,high,10,7,9 3
20221208,evening,2,high,10,8,16 3
20221208,evening,2,high,11,1,20 3
20221208,evening,2,high,11,2,12 3
20221208,evening,2,high,11,3,2 3
20221208,evening,2,high,11,4,3 3
20221208,evening,2,high,11,5,7 3
20221208,evening,2,high,11,6,19 3
20221208,evening,2,high,12,1,8 3
20221208,evening,2,high,12,2,1 3
20221208,evening,2,high,12,3,6 3
20221208,evening,2,high,12,4,10 3
20221208,evening,2,high,12,5,5 3
20221208,evening,2,high,12,6,18 3
20221208,evening,3,high,13,1,9 6
20221208,evening,3,high,13,2,3 6
20221208,evening,3,high,13,3,10 6
20221208,evening,3,high,13,4,1 6
20221208,evening,3,high,13,5,14 6
20221208,evening,3,high,13,6,18 6
20221208,evening,3,high,13,7,8 6
20221208,evening,3,high,13,8,12 6
20221208,evening,3,high,14,1,11 6
20221208,evening,3,high,14,2,2 6
20221208,evening,3,high,14,3,7 6
20221208,evening,3,high,14,4,16 6
20221208,evening,3,high,14,5,4 6
20221208,evening,3,high,14,6,19 6
20221208,evening,3,high,15,1,6 6
20221208,evening,3,high,15,2,20 6
20221208,evening,3,high,15,3,13 6
20221208,evening,3,high,15,4,5 6
20221208,evening,3,high,15,5,17 6
20221208,evening,3,high,15,6,15 6
20221208,evening,3,high,16,1,1 5
20221208,evening,3,high,16,2,5 5
20221208,evening,3,high,16,3,19 5
20221208,evening,3,high,16,4,11 5
20221208,evening,3,high,16,5,2 5
20221208,evening,3,high,16,6,4 5
20221208,evening,3,high,16,7,3 5
20221208,evening,3,high,17,1,17 5
20221208,evening,3,high,17,2,8 5
20221208,evening,3,high,17,3,13 5
20221208,evening,3,high,17,4,7 5
20221208,evening,3,high,17,5,18 5
20221208,evening,3,high,17,6,15 5
20221208,evening,3,high,18,1,6 5
20221208,evening,3,high,18,2,16 5
20221208,evening,3,high,18,3,10 5
20221208,evening,3,high,18,4,9 5
20221208,evening,3,high,18,5,14 5
20221208,evening,3,high,18,6,20 5
20221208,evening,3,high,18,7,12 5
20221208,evening,4,ambient,19,1,20 8
20221208,evening,4,ambient,19,2,2 8
20221208,evening,4,ambient,19,3,15 8
20221208,evening,4,ambient,19,4,17 8
20221208,evening,4,ambient,19,5,8 8
20221208,evening,4,ambient,19,6,9 8
20221208,evening,4,ambient,19,7,14 8
20221208,evening,4,ambient,19,8,5 8
20221208,evening,4,ambient,20,1,16 8
20221208,evening,4,ambient,20,2,12 8
20221208,evening,4,ambient,20,3,13 8
20221208,evening,4,ambient,20,4,6 8
20221208,evening,4,ambient,20,5,18 8
20221208,evening,4,ambient,20,6,1 8
20221208,evening,4,ambient,21,1,4 8
20221208,evening,4,ambient,21,2,11 8
20221208,evening,4,ambient,21,3,10 8
20221208,evening,4,ambient,21,4,19 8
20221208,evening,4,ambient,21,5,3 8
20221208,evening,4,ambient,22,1,5 7
20221208,evening,4,ambient,22,2,4 7
20221208,evening,4,ambient,22,3,10 7
20221208,evening,4,ambient,22,4,11 7
20221208,evening,4,ambient,22,5,7 7
20221208,evening,4,ambient,22,6,1 7
20221208,evening,4,ambient,22,7,14 7
20221208,evening,4,ambient,22,8,18 7
20221208,evening,4,ambient,23,1,16 7
20221208,evening,4,ambient,23,2,20 7
20221208,evening,4,ambient,23,3,13 7
20221208,evening,4,ambient,23,4,2 7
20221208,evening,4,ambient,23,5,15 7
20221208,evening,4,ambient,23,6,7 8
20221208,evening,4,ambient,24,1,9 7
20221208,evening,4,ambient,24,2,3 7
20221208,evening,4,ambient,24,3,6 7
20221208,evening,4,ambient,24,4,17 7
20221208,evening,4,ambient,24,5,8 7
20221208,evening,4,ambient,24,6,19 7
20221208,evening,4,ambient,24,7,12 7
20221209,evening,1,ambient,1,1,12 1
20221209,evening,1,ambient,1,2,9 1
20221209,evening,1,ambient,1,3,10 1
20221209,evening,1,ambient,1,4,1 1
20221209,evening,1,ambient,1,5,17 1
20221209,evening,1,ambient,1,6,8 1
20221209,evening,1,ambient,1,7,13 1
20221209,evening,1,ambient,1,8,2 1
20221209,evening,1,ambient,2,1,6 1
20221209,evening,1,ambient,2,2,5 1
20221209,evening,1,ambient,2,3,11 1
20221209,evening,1,ambient,2,4,15 1
20221209,evening,1,ambient,2,5,18 1
20221209,evening,1,ambient,2,6,7 1
20221209,evening,1,ambient,3,1,20 1
20221209,evening,1,ambient,3,2,16 1
20221209,evening,1,ambient,3,3,3 1
20221209,evening,1,ambient,3,4,4 1
20221209,evening,1,ambient,3,5,19 1
20221209,evening,1,ambient,4,1,14 2
20221209,evening,1,ambient,4,2,15 2
20221209,evening,1,ambient,4,3,17 2
20221209,evening,1,ambient,4,4,10 2
20221209,evening,1,ambient,4,5,16 2
20221209,evening,1,ambient,4,6,1 2
20221209,evening,1,ambient,4,7,5 2
20221209,evening,1,ambient,4,8,6 2
20221209,evening,1,ambient,5,1,9 2
20221209,evening,1,ambient,5,2,11 2
20221209,evening,1,ambient,5,3,3 2
20221209,evening,1,ambient,5,4,2 2
20221209,evening,1,ambient,5,5,4 2
20221209,evening,1,ambient,5,6,14 1
20221209,evening,1,ambient,6,1,19 2
20221209,evening,1,ambient,6,2,12 2
20221209,evening,1,ambient,6,3,13 2
20221209,evening,1,ambient,6,4,18 2
20221209,evening,1,ambient,6,5,7 2
20221209,evening,1,ambient,6,6,8 2
20221209,evening,1,ambient,6,7,20 2
20221209,evening,2,high,7,1,11 3
20221209,evening,2,high,7,2,15 3
20221209,evening,2,high,7,3,13 3
20221209,evening,2,high,7,4,17 3
20221209,evening,2,high,7,5,14 3
20221209,evening,2,high,7,6,4 3
20221209,evening,2,high,7,7,9 3
20221209,evening,2,high,7,8,20 3
20221209,evening,2,high,8,1,16 3
20221209,evening,2,high,8,2,2 3
20221209,evening,2,high,8,3,12 3
20221209,evening,2,high,8,4,19 3
20221209,evening,2,high,8,5,3 3
20221209,evening,2,high,8,6,7 3
20221209,evening,2,high,9,1,6 3
20221209,evening,2,high,9,2,10 3
20221209,evening,2,high,9,3,8 3
20221209,evening,2,high,9,4,18 3
20221209,evening,2,high,9,5,1 3
20221209,evening,2,high,9,6,5 3
20221209,evening,2,high,10,1,10 4
20221209,evening,2,high,10,2,5 4
20221209,evening,2,high,10,3,1 4
20221209,evening,2,high,10,4,8 4
20221209,evening,2,high,10,5,3 4
20221209,evening,2,high,10,6,16 4
20221209,evening,2,high,10,7,12 4
20221209,evening,2,high,10,8,4 4
20221209,evening,2,high,11,1,15 4
20221209,evening,2,high,11,2,13 4
20221209,evening,2,high,11,3,2 4
20221209,evening,2,high,11,4,14 4
20221209,evening,2,high,11,5,9 4
20221209,evening,2,high,11,6,7 4
20221209,evening,2,high,12,1,19 4
20221209,evening,2,high,12,2,17 4
20221209,evening,2,high,12,3,20 4
20221209,evening,2,high,12,4,6 4
20221209,evening,2,high,12,5,11 4
20221209,evening,2,high,12,6,18 4
20221209,evening,3,high,13,1,14 5
20221209,evening,3,high,13,2,20 5
20221209,evening,3,high,13,3,10 5
20221209,evening,3,high,13,4,9 5
20221209,evening,3,high,13,5,16 5
20221209,evening,3,high,13,6,12 5
20221209,evening,3,high,13,7,15 5
20221209,evening,3,high,13,8,6 5
20221209,evening,3,high,14,1,13 5
20221209,evening,3,high,14,2,18 5
20221209,evening,3,high,14,3,8 5
20221209,evening,3,high,14,4,7 5
20221209,evening,3,high,14,5,17 5
20221209,evening,3,high,14,6,5 5
20221209,evening,3,high,15,1,4 5
20221209,evening,3,high,15,2,1 5
20221209,evening,3,high,15,3,19 5
20221209,evening,3,high,15,4,11 5
20221209,evening,3,high,15,5,2 5
20221209,evening,3,high,15,6,3 5
20221209,evening,3,high,16,1,9 6
20221209,evening,3,high,16,2,1 6
20221209,evening,3,high,16,3,3 6
20221209,evening,3,high,16,4,14 6
20221209,evening,3,high,16,5,12 6
20221209,evening,3,high,16,6,10 6
20221209,evening,3,high,16,7,18 6
20221209,evening,3,high,16,8,8 6
20221209,evening,3,high,17,1,19 6
20221209,evening,3,high,17,2,4 6
20221209,evening,3,high,17,3,16 6
20221209,evening,3,high,17,4,11 6
20221209,evening,3,high,17,5,2 6
20221209,evening,3,high,17,6,7 6
20221209,evening,3,high,18,1,17 6
20221209,evening,3,high,18,2,5 6
20221209,evening,3,high,18,3,15 6
20221209,evening,3,high,18,4,13 6
20221209,evening,3,high,18,5,6 6
20221209,evening,3,high,18,6,20 6
20221209,evening,4,ambient,19,1,11 7
20221209,evening,4,ambient,19,2,5 7
20221209,evening,4,ambient,19,3,7 7
20221209,evening,4,ambient,19,4,10 7
20221209,evening,4,ambient,19,5,4 7
20221209,evening,4,ambient,19,6,14 7
20221209,evening,4,ambient,19,7,1 7
20221209,evening,4,ambient,19,8,18 7
20221209,evening,4,ambient,20,1,16 7
20221209,evening,4,ambient,20,2,20 7
20221209,evening,4,ambient,20,3,2 7
20221209,evening,4,ambient,20,4,7 8
20221209,evening,4,ambient,20,5,15 7
20221209,evening,4,ambient,20,6,13 7
20221209,evening,4,ambient,21,1,9 7
20221209,evening,4,ambient,21,2,8 7
20221209,evening,4,ambient,21,3,19 7
20221209,evening,4,ambient,21,4,3 7
20221209,evening,4,ambient,21,5,6 7
20221209,evening,4,ambient,21,6,12 7
20221209,evening,4,ambient,21,7,17 7
20221209,evening,4,ambient,22,1,8 8
20221209,evening,4,ambient,22,2,20 8
20221209,evening,4,ambient,22,3,2 8
20221209,evening,4,ambient,22,4,17 8
20221209,evening,4,ambient,22,5,5 8
20221209,evening,4,ambient,22,6,9 8
20221209,evening,4,ambient,22,7,14 8
20221209,evening,4,ambient,22,8,15 8
20221209,evening,4,ambient,23,1,6 8
20221209,evening,4,ambient,23,2,12 8
20221209,evening,4,ambient,23,3,16 8
20221209,evening,4,ambient,23,4,18 8
20221209,evening,4,ambient,23,5,1 8
20221209,evening,4,ambient,23,6,13 8
20221209,evening,4,ambient,24,1,19 8
20221209,evening,4,ambient,24,2,3 8
20221209,evening,4,ambient,24,3,4 8
20221209,evening,4,ambient,24,4,11 8
20221209,evening,4,ambient,24,5,10 8
20221210,evening,1,ambient,1,1,10 2
20221210,evening,1,ambient,1,2,1 2
20221210,evening,1,ambient,1,3,15 2
20221210,evening,1,ambient,1,4,14 2
20221210,evening,1,ambient,1,5,3 2
20221210,evening,1,ambient,1,6,16 2
20221210,evening,1,ambient,1,7,5 2
20221210,evening,1,ambient,1,8,6 2
20221210,evening,1,ambient,2,1,17 2
20221210,evening,1,ambient,2,2,14 1
20221210,evening,1,ambient,2,3,11 2
20221210,evening,1,ambient,2,4,2 2
20221210,evening,1,ambient,2,5,4 2
20221210,evening,1,ambient,2,6,9 2
20221210,evening,1,ambient,3,1,12 2
20221210,evening,1,ambient,3,2,19 2
20221210,evening,1,ambient,3,3,7 2
20221210,evening,1,ambient,3,4,8 2
20221210,evening,1,ambient,3,5,13 2
20221210,evening,1,ambient,3,6,18 2
20221210,evening,1,ambient,3,7,20 2
20221210,evening,1,ambient,4,1,8 1
20221210,evening,1,ambient,4,2,3 1
20221210,evening,1,ambient,4,3,17 1
20221210,evening,1,ambient,4,4,12 1
20221210,evening,1,ambient,4,5,20 1
20221210,evening,1,ambient,4,6,1 1
20221210,evening,1,ambient,4,7,10 1
20221210,evening,1,ambient,4,8,9 1
20221210,evening,1,ambient,5,1,6 1
20221210,evening,1,ambient,5,2,2 1
20221210,evening,1,ambient,5,3,15 1
20221210,evening,1,ambient,5,4,13 1
20221210,evening,1,ambient,5,5,11 1
20221210,evening,1,ambient,5,6,5 1
20221210,evening,1,ambient,6,1,4 1
20221210,evening,1,ambient,6,2,7 1
20221210,evening,1,ambient,6,3,18 1
20221210,evening,1,ambient,6,4,16 1
20221210,evening,1,ambient,6,5,19 1
20221210,evening,2,high,7,1,1 4
20221210,evening,2,high,7,2,5 4
20221210,evening,2,high,7,3,10 4
20221210,evening,2,high,7,4,8 4
20221210,evening,2,high,7,5,3 4
20221210,evening,2,high,7,6,16 4
20221210,evening,2,high,7,7,15 4
20221210,evening,2,high,7,8,4 4
20221210,evening,2,high,8,1,12 4
20221210,evening,2,high,8,2,9 4
20221210,evening,2,high,8,3,14 4
20221210,evening,2,high,8,4,13 4
20221210,evening,2,high,8,5,19 4
20221210,evening,2,high,8,6,6 4
20221210,evening,2,high,9,1,7 4
20221210,evening,2,high,9,2,2 4
20221210,evening,2,high,9,3,17 4
20221210,evening,2,high,9,4,20 4
20221210,evening,2,high,9,5,11 4
20221210,evening,2,high,9,6,18 4
20221210,evening,2,high,10,1,13 3
20221210,evening,2,high,10,2,15 3
20221210,evening,2,high,10,3,8 3
20221210,evening,2,high,10,4,11 3
20221210,evening,2,high,10,5,6 3
20221210,evening,2,high,10,6,14 3
20221210,evening,2,high,10,7,17 3
20221210,evening,2,high,10,8,16 3
20221210,evening,2,high,11,1,20 3
20221210,evening,2,high,11,2,9 3
20221210,evening,2,high,11,3,3 3
20221210,evening,2,high,11,4,2 3
20221210,evening,2,high,11,5,19 3
20221210,evening,2,high,11,6,12 3
20221210,evening,2,high,12,1,4 3
20221210,evening,2,high,12,2,7 3
20221210,evening,2,high,12,3,1 3
20221210,evening,2,high,12,4,5 3
20221210,evening,2,high,12,5,10 3
20221210,evening,2,high,12,6,18 3
20221210,evening,3,high,13,1,12 6
20221210,evening,3,high,13,2,1 6
20221210,evening,3,high,13,3,9 6
20221210,evening,3,high,13,4,18 6
20221210,evening,3,high,13,5,11 6
20221210,evening,3,high,13,6,3 6
20221210,evening,3,high,13,7,10 6
20221210,evening,3,high,13,8,8 6
20221210,evening,3,high,14,1,14 6
20221210,evening,3,high,14,2,2 6
20221210,evening,3,high,14,3,4 6
20221210,evening,3,high,14,4,19 6
20221210,evening,3,high,14,5,5 6
20221210,evening,3,high,14,6,7 6
20221210,evening,3,high,15,1,16 6
20221210,evening,3,high,15,2,13 6
20221210,evening,3,high,15,3,6 6
20221210,evening,3,high,15,4,15 6
20221210,evening,3,high,15,5,20 6
20221210,evening,3,high,15,6,17 6
20221210,evening,3,high,16,1,12 5
20221210,evening,3,high,16,2,14 5
20221210,evening,3,high,16,3,16 5
20221210,evening,3,high,16,4,15 5
20221210,evening,3,high,16,5,9 5
20221210,evening,3,high,16,6,10 5
20221210,evening,3,high,16,7,20 5
20221210,evening,3,high,16,8,13 5
20221210,evening,3,high,17,1,7 5
20221210,evening,3,high,17,2,6 5
20221210,evening,3,high,17,3,8 5
20221210,evening,3,high,17,4,18 5
20221210,evening,3,high,17,5,17 5
20221210,evening,3,high,17,6,5 5
20221210,evening,3,high,18,1,1 5
20221210,evening,3,high,18,2,4 5
20221210,evening,3,high,18,3,11 5
20221210,evening,3,high,18,4,2 5
20221210,evening,3,high,18,5,3 5
20221210,evening,3,high,18,6,19 5
20221210,evening,4,ambient,19,1,20 8
20221210,evening,4,ambient,19,2,5 8
20221210,evening,4,ambient,19,3,8 8
20221210,evening,4,ambient,19,4,14 8
20221210,evening,4,ambient,19,5,2 8
20221210,evening,4,ambient,19,6,9 8
20221210,evening,4,ambient,19,7,18 8
20221210,evening,4,ambient,19,8,17 8
20221210,evening,4,ambient,20,1,15 8
20221210,evening,4,ambient,20,2,13 8
20221210,evening,4,ambient,20,3,1 8
20221210,evening,4,ambient,20,4,6 8
20221210,evening,4,ambient,20,5,16 8
20221210,evening,4,ambient,20,6,12 8
20221210,evening,4,ambient,21,1,4 8
20221210,evening,4,ambient,21,2,11 8
20221210,evening,4,ambient,21,3,10 8
20221210,evening,4,ambient,21,4,3 8
20221210,evening,4,ambient,21,5,19 8
20221210,evening,4,ambient,22,1,14 7
20221210,evening,4,ambient,22,2,11 7
20221210,evening,4,ambient,22,3,4 7
20221210,evening,4,ambient,22,4,18 7
20221210,evening,4,ambient,22,5,5 7
20221210,evening,4,ambient,22,6,1 6
20221210,evening,4,ambient,22,7,7 7
20221210,evening,4,ambient,22,8,20 7
20221210,evening,4,ambient,23,1,10 7
20221210,evening,4,ambient,23,2,16 7
20221210,evening,4,ambient,23,3,2 7
20221210,evening,4,ambient,23,4,15 7
20221210,evening,4,ambient,23,5,13 7
20221210,evening,4,ambient,23,6,7 8
20221210,evening,4,ambient,24,1,13 7
20221210,evening,4,ambient,24,2,9 7
20221210,evening,4,ambient,24,3,17 7
20221210,evening,4,ambient,24,4,19 7
20221210,evening,4,ambient,24,5,6 7
20221210,evening,4,ambient,24,6,12 7
20221210,evening,4,ambient,24,7,8 7
20221212,afternoon,1,ambient,1,1,10 2
20221212,afternoon,1,ambient,1,2,14 2
20221212,afternoon,1,ambient,1,3,15 2
20221212,afternoon,1,ambient,1,4,18 2
20221212,afternoon,1,ambient,1,5,1 2
20221212,afternoon,1,ambient,1,6,3 2
20221212,afternoon,1,ambient,1,7,5 2
20221212,afternoon,1,ambient,1,8,13 2
20221212,afternoon,1,ambient,2,1,16 2
20221212,afternoon,1,ambient,2,2,6 2
20221212,afternoon,1,ambient,2,3,11 2
20221212,afternoon,1,ambient,2,4,14 1
20221212,afternoon,1,ambient,2,5,17 2
20221212,afternoon,1,ambient,2,6,2 2
20221212,afternoon,1,ambient,3,1,12 2
20221212,afternoon,1,ambient,3,2,9 2
20221212,afternoon,1,ambient,3,3,4 2
20221212,afternoon,1,ambient,3,4,8 2
20221212,afternoon,1,ambient,3,5,19 2
20221212,afternoon,1,ambient,3,6,20 2
20221212,afternoon,1,ambient,3,7,7 2
20221212,afternoon,1,ambient,4,1,9 1
20221212,afternoon,1,ambient,4,2,8 1
20221212,afternoon,1,ambient,4,3,10 1
20221212,afternoon,1,ambient,4,4,12 1
20221212,afternoon,1,ambient,4,5,20 1
20221212,afternoon,1,ambient,4,6,3 1
20221212,afternoon,1,ambient,4,7,11 1
20221212,afternoon,1,ambient,4,8,4 1
20221212,afternoon,1,ambient,5,1,1 1
20221212,afternoon,1,ambient,5,2,17 1
20221212,afternoon,1,ambient,5,3,7 1
20221212,afternoon,1,ambient,5,4,16 1
20221212,afternoon,1,ambient,5,5,18 1
20221212,afternoon,1,ambient,5,6,6 1
20221212,afternoon,1,ambient,6,1,13 1
20221212,afternoon,1,ambient,6,2,19 1
20221212,afternoon,1,ambient,6,3,5 1
20221212,afternoon,1,ambient,6,4,2 1
20221212,afternoon,1,ambient,6,5,15 1
20221212,afternoon,2,high,7,1,8 3
20221212,afternoon,2,high,7,2,7 3
20221212,afternoon,2,high,7,3,10 3
20221212,afternoon,2,high,7,4,5 3
20221212,afternoon,2,high,7,5,1 3
20221212,afternoon,2,high,7,6,4 3
20221212,afternoon,2,high,7,7,19 3
20221212,afternoon,2,high,7,8,2 3
20221212,afternoon,2,high,8,1,12 3
20221212,afternoon,2,high,8,2,9 3
20221212,afternoon,2,high,8,3,18 3
20221212,afternoon,2,high,8,4,20 3
20221212,afternoon,2,high,8,5,3 3
20221212,afternoon,2,high,8,6,17 3
20221212,afternoon,2,high,9,1,14 3
20221212,afternoon,2,high,9,2,16 3
20221212,afternoon,2,high,9,3,6 3
20221212,afternoon,2,high,9,4,11 3
20221212,afternoon,2,high,9,5,15 3
20221212,afternoon,2,high,9,6,13 3
20221212,afternoon,2,high,10,1,7 4
20221212,afternoon,2,high,10,2,2 4
20221212,afternoon,2,high,10,3,11 4
20221212,afternoon,2,high,10,4,17 4
20221212,afternoon,2,high,10,5,18 4
20221212,afternoon,2,high,10,6,20 4
20221212,afternoon,2,high,10,7,19 4
20221212,afternoon,2,high,10,8,14 4
20221212,afternoon,2,high,11,1,6 4
20221212,afternoon,2,high,11,2,9 4
20221212,afternoon,2,high,11,3,13 4
20221212,afternoon,2,high,11,4,12 4
20221212,afternoon,2,high,11,5,10 4
20221212,afternoon,2,high,11,6,5 4
20221212,afternoon,2,high,12,1,1 4
20221212,afternoon,2,high,12,2,15 4
20221212,afternoon,2,high,12,3,16 4
20221212,afternoon,2,high,12,4,4 4
20221212,afternoon,2,high,12,5,8 4
20221212,afternoon,2,high,12,6,3 4
20221212,afternoon,3,high,13,1,12 5
20221212,afternoon,3,high,13,2,14 5
20221212,afternoon,3,high,13,3,16 5
20221212,afternoon,3,high,13,4,15 5
20221212,afternoon,3,high,13,5,13 5
20221212,afternoon,3,high,13,6,20 5
20221212,afternoon,3,high,13,7,10 5
20221212,afternoon,3,high,13,8,7 5
20221212,afternoon,3,high,14,1,8 5
20221212,afternoon,3,high,14,2,6 5
20221212,afternoon,3,high,14,3,17 5
20221212,afternoon,3,high,14,4,18 5
20221212,afternoon,3,high,14,5,11 5
20221212,afternoon,3,high,14,6,19 5
20221212,afternoon,3,high,15,1,9 5
20221212,afternoon,3,high,15,2,5 5
20221212,afternoon,3,high,15,3,2 5
20221212,afternoon,3,high,15,4,4 5
20221212,afternoon,3,high,15,5,3 5
20221212,afternoon,3,high,15,6,1 5
20221212,afternoon,3,high,16,1,6 6
20221212,afternoon,3,high,16,2,17 6
20221212,afternoon,3,high,16,3,20 6
20221212,afternoon,3,high,16,4,13 6
20221212,afternoon,3,high,16,5,16 6
20221212,afternoon,3,high,16,6,15 6
20221212,afternoon,3,high,16,7,19 6
20221212,afternoon,3,high,16,8,5 6
20221212,afternoon,3,high,17,1,7 6
20221212,afternoon,3,high,17,2,2 6
20221212,afternoon,3,high,17,3,4 6
20221212,afternoon,3,high,17,4,14 6
20221212,afternoon,3,high,17,5,3 6
20221212,afternoon,3,high,17,6,10 6
20221212,afternoon,3,high,18,1,8 6
20221212,afternoon,3,high,18,2,11 6
20221212,afternoon,3,high,18,3,9 6
20221212,afternoon,3,high,18,4,1 6
20221212,afternoon,3,high,18,5,18 6
20221212,afternoon,3,high,18,6,12 6
20221212,afternoon,4,ambient,19,1,14 7
20221212,afternoon,4,ambient,19,2,4 7
20221212,afternoon,4,ambient,19,3,18 7
20221212,afternoon,4,ambient,19,4,11 7
20221212,afternoon,4,ambient,19,5,20 7
20221212,afternoon,4,ambient,19,6,7 7
20221212,afternoon,4,ambient,19,7,8 7
20221212,afternoon,4,ambient,19,8,5 7
20221212,afternoon,4,ambient,20,1,1 7
20221212,afternoon,4,ambient,20,2,10 7
20221212,afternoon,4,ambient,20,3,7 8
20221212,afternoon,4,ambient,20,4,16 7
20221212,afternoon,4,ambient,20,5,2 7
20221212,afternoon,4,ambient,20,6,3 7
20221212,afternoon,4,ambient,21,1,15 7
20221212,afternoon,4,ambient,21,2,9 7
20221212,afternoon,4,ambient,21,3,17 7
20221212,afternoon,4,ambient,21,4,13 7
20221212,afternoon,4,ambient,21,5,19 7
20221212,afternoon,4,ambient,21,6,6 7
20221212,afternoon,4,ambient,21,7,12 7
20221212,afternoon,4,ambient,22,1,20 8
20221212,afternoon,4,ambient,22,2,5 8
20221212,afternoon,4,ambient,22,3,14 8
20221212,afternoon,4,ambient,22,4,2 8
20221212,afternoon,4,ambient,22,5,9 8
20221212,afternoon,4,ambient,22,6,18 8
20221212,afternoon,4,ambient,22,7,17 8
20221212,afternoon,4,ambient,22,8,15 8
20221212,afternoon,4,ambient,23,1,13 8
20221212,afternoon,4,ambient,23,2,6 8
20221212,afternoon,4,ambient,23,3,1 8
20221212,afternoon,4,ambient,23,4,4 8
20221212,afternoon,4,ambient,23,5,12 8
20221212,afternoon,4,ambient,23,6,16 8
20221212,afternoon,4,ambient,24,1,10 8
20221212,afternoon,4,ambient,24,2,3 8
20221212,afternoon,4,ambient,24,3,11 8
20221212,afternoon,4,ambient,24,4,19 8
20221212,afternoon,4,ambient,24,5,8 8
20221212,evening,1,ambient,1,1,18 2
20221212,evening,1,ambient,1,2,14 2
20221212,evening,1,ambient,1,3,15 2
20221212,evening,1,ambient,1,4,1 2
20221212,evening,1,ambient,1,5,3 2
20221212,evening,1,ambient,1,6,5 2
20221212,evening,1,ambient,1,7,13 2
20221212,evening,1,ambient,1,8,8 2
20221212,evening,1,ambient,2,1,4 2
20221212,evening,1,ambient,2,2,9 2
20221212,evening,1,ambient,2,3,12 2
20221212,evening,1,ambient,2,4,20 2
20221212,evening,1,ambient,2,5,16 2
20221212,evening,1,ambient,2,6,19 2
20221212,evening,1,ambient,3,1,11 2
20221212,evening,1,ambient,3,2,2 2
20221212,evening,1,ambient,3,3,6 2
20221212,evening,1,ambient,3,4,14 1
20221212,evening,1,ambient,3,5,7 2
20221212,evening,1,ambient,3,6,17 2
20221212,evening,1,ambient,3,7,10 2
20221212,evening,1,ambient,4,1,4 1
20221212,evening,1,ambient,4,2,8 1
20221212,evening,1,ambient,4,3,13 1
20221212,evening,1,ambient,4,4,10 1
20221212,evening,1,ambient,4,5,3 1
20221212,evening,1,ambient,4,6,12 1
20221212,evening,1,ambient,4,7,20 1
20221212,evening,1,ambient,4,8,11 1
20221212,evening,1,ambient,5,1,1 1
20221212,evening,1,ambient,5,2,7 1
20221212,evening,1,ambient,5,3,17 1
20221212,evening,1,ambient,5,4,16 1
20221212,evening,1,ambient,5,5,6 1
20221212,evening,1,ambient,5,6,5 1
20221212,evening,1,ambient,6,1,15 1
20221212,evening,1,ambient,6,2,19 1
20221212,evening,1,ambient,6,3,9 1
20221212,evening,1,ambient,6,4,2 1
20221212,evening,1,ambient,6,5,18 1
20221212,evening,2,high,7,1,6 3
20221212,evening,2,high,7,2,14 3
20221212,evening,2,high,7,3,13 3
20221212,evening,2,high,7,4,15 3
20221212,evening,2,high,7,5,18 3
20221212,evening,2,high,7,6,11 3
20221212,evening,2,high,7,7,16 3
20221212,evening,2,high,7,8,3 3
20221212,evening,2,high,8,1,2 3
20221212,evening,2,high,8,2,8 3
20221212,evening,2,high,8,3,9 3
20221212,evening,2,high,8,4,17 3
20221212,evening,2,high,8,5,20 3
20221212,evening,2,high,8,6,5 3
20221212,evening,2,high,9,1,10 3
20221212,evening,2,high,9,2,7 3
20221212,evening,2,high,9,3,19 3
20221212,evening,2,high,9,4,4 3
20221212,evening,2,high,9,5,1 3
20221212,evening,2,high,9,6,2 3
20221212,evening,2,high,10,1,3 4
20221212,evening,2,high,10,2,8 4
20221212,evening,2,high,10,3,4 4
20221212,evening,2,high,10,4,1 4
20221212,evening,2,high,10,5,13 4
20221212,evening,2,high,10,6,16 4
20221212,evening,2,high,10,7,9 4
20221212,evening,2,high,10,8,15 4
20221212,evening,2,high,11,1,6 4
20221212,evening,2,high,11,2,10 4
20221212,evening,2,high,11,3,5 4
20221212,evening,2,high,11,4,19 4
20221212,evening,2,high,11,5,12 4
20221212,evening,2,high,11,6,18 4
20221212,evening,2,high,12,1,17 4
20221212,evening,2,high,12,2,20 4
20221212,evening,2,high,12,3,14 4
20221212,evening,2,high,12,4,2 4
20221212,evening,2,high,12,5,7 4
20221212,evening,2,high,12,6,11 4
20221212,evening,3,high,13,1,12 5
20221212,evening,3,high,13,2,13 5
20221212,evening,3,high,13,3,20 5
20221212,evening,3,high,13,4,10 5
20221212,evening,3,high,13,5,14 5
20221212,evening,3,high,13,6,16 5
20221212,evening,3,high,13,7,15 5
20221212,evening,3,high,13,8,19 5
20221212,evening,3,high,14,1,2 5
20221212,evening,3,high,14,2,7 5
20221212,evening,3,high,14,3,5 5
20221212,evening,3,high,14,4,18 5
20221212,evening,3,high,14,5,8 5
20221212,evening,3,high,14,6,6 5
20221212,evening,3,high,15,1,11 5
20221212,evening,3,high,15,2,17 5
20221212,evening,3,high,15,3,1 5
20221212,evening,3,high,15,4,4 5
20221212,evening,3,high,15,5,9 5
20221212,evening,3,high,15,6,3 5
20221212,evening,3,high,16,1,9 6
20221212,evening,3,high,16,2,4 6
20221212,evening,3,high,16,3,2 6
20221212,evening,3,high,16,4,1 6
20221212,evening,3,high,16,5,7 6
20221212,evening,3,high,16,6,3 6
20221212,evening,3,high,16,7,14 6
20221212,evening,3,high,16,8,11 6
20221212,evening,3,high,17,1,10 6
20221212,evening,3,high,17,2,5 6
20221212,evening,3,high,17,3,19 6
20221212,evening,3,high,17,4,16 6
20221212,evening,3,high,17,5,13 6
20221212,evening,3,high,17,6,8 6
20221212,evening,3,high,18,1,18 6
20221212,evening,3,high,18,2,20 6
20221212,evening,3,high,18,3,17 6
20221212,evening,3,high,18,4,15 6
20221212,evening,3,high,18,5,6 6
20221212,evening,3,high,18,6,12 6
20221212,evening,4,ambient,19,1,4 7
20221212,evening,4,ambient,19,2,18 7
20221212,evening,4,ambient,19,3,14 7
20221212,evening,4,ambient,19,4,13 7
20221212,evening,4,ambient,19,5,11 7
20221212,evening,4,ambient,19,6,20 7
20221212,evening,4,ambient,19,7,8 7
20221212,evening,4,ambient,19,8,16 7
20221212,evening,4,ambient,20,1,7 7
20221212,evening,4,ambient,20,2,5 7
20221212,evening,4,ambient,20,3,10 7
20221212,evening,4,ambient,20,4,1 7
20221212,evening,4,ambient,20,5,3 7
20221212,evening,4,ambient,20,6,15 7
20221212,evening,4,ambient,21,1,2 7
20221212,evening,4,ambient,21,2,12 7
20221212,evening,4,ambient,21,3,7 8
20221212,evening,4,ambient,21,4,19 7
20221212,evening,4,ambient,21,5,9 7
20221212,evening,4,ambient,21,6,17 7
20221212,evening,4,ambient,21,7,6 7
20221212,evening,4,ambient,22,1,10 8
20221212,evening,4,ambient,22,2,13 8
20221212,evening,4,ambient,22,3,19 8
20221212,evening,4,ambient,22,4,11 8
20221212,evening,4,ambient,22,5,1 8
20221212,evening,4,ambient,22,6,12 8
20221212,evening,4,ambient,22,7,4 8
20221212,evening,4,ambient,22,8,20 8
20221212,evening,4,ambient,23,1,6 8
20221212,evening,4,ambient,23,2,16 8
20221212,evening,4,ambient,23,3,14 8
20221212,evening,4,ambient,23,4,5 8
20221212,evening,4,ambient,23,5,17 8
20221212,evening,4,ambient,23,6,9 8
20221212,evening,4,ambient,24,1,2 8
20221212,evening,4,ambient,24,2,18 8
20221212,evening,4,ambient,24,3,8 8
20221212,evening,4,ambient,24,4,15 8
20221212,evening,4,ambient,24,5,3 8
20221213,evening,1,ambient,1,1,4 1
20221213,evening,1,ambient,1,2,8 1
20221213,evening,1,ambient,1,3,13 1
20221213,evening,1,ambient,1,4,12 1
20221213,evening,1,ambient,1,5,3 1
20221213,evening,1,ambient,1,6,10 1
20221213,evening,1,ambient,1,7,20 1
20221213,evening,1,ambient,1,8,11 1
20221213,evening,1,ambient,2,1,1 1
20221213,evening,1,ambient,2,2,7 1
20221213,evening,1,ambient,2,3,17 1
20221213,evening,1,ambient,2,4,16 1
20221213,evening,1,ambient,2,5,18 1
20221213,evening,1,ambient,2,6,15 1
20221213,evening,1,ambient,3,1,5 1
20221213,evening,1,ambient,3,2,6 1
20221213,evening,1,ambient,3,3,19 1
20221213,evening,1,ambient,3,4,2 1
20221213,evening,1,ambient,3,5,9 1
20221213,evening,1,ambient,4,1,17 2
20221213,evening,1,ambient,4,2,10 2
20221213,evening,1,ambient,4,3,7 2
20221213,evening,1,ambient,4,4,6 2
20221213,evening,1,ambient,4,5,2 2
20221213,evening,1,ambient,4,6,16 2
20221213,evening,1,ambient,4,7,14 1
20221213,evening,1,ambient,4,8,11 2
20221213,evening,1,ambient,5,1,20 2
20221213,evening,1,ambient,5,2,12 2
20221213,evening,1,ambient,5,3,19 2
20221213,evening,1,ambient,5,4,9 2
20221213,evening,1,ambient,5,5,4 2
20221213,evening,1,ambient,5,6,8 2
20221213,evening,1,ambient,6,1,13 2
20221213,evening,1,ambient,6,2,5 2
20221213,evening,1,ambient,6,3,14 2
20221213,evening,1,ambient,6,4,3 2
20221213,evening,1,ambient,6,5,1 2
20221213,evening,1,ambient,6,6,15 2
20221213,evening,1,ambient,6,7,18 2
20221213,evening,2,high,7,1,3 4
20221213,evening,2,high,7,2,8 4
20221213,evening,2,high,7,3,4 4
20221213,evening,2,high,7,4,1 4
20221213,evening,2,high,7,5,13 4
20221213,evening,2,high,7,6,16 4
20221213,evening,2,high,7,7,9 4
20221213,evening,2,high,7,8,15 4
20221213,evening,2,high,7,9,5 4
20221213,evening,2,high,7,10,10 4
20221213,evening,2,high,8,1,6 4
20221213,evening,2,high,8,2,18 4
20221213,evening,2,high,8,3,19 4
20221213,evening,2,high,8,4,12 4
20221213,evening,2,high,8,5,17 4
20221213,evening,2,high,8,6,20 4
20221213,evening,2,high,8,7,2 4
20221213,evening,2,high,8,8,14 4
20221213,evening,2,high,8,9,7 4
20221213,evening,2,high,8,10,11 4
20221213,evening,2,high,9,1,6 3
20221213,evening,2,high,9,2,14 3
20221213,evening,2,high,9,3,13 3
20221213,evening,2,high,9,4,15 3
20221213,evening,2,high,9,5,18 3
20221213,evening,2,high,9,6,11 3
20221213,evening,2,high,9,7,16 3
20221213,evening,2,high,9,8,3 3
20221213,evening,2,high,9,9,1 3
20221213,evening,2,high,9,10,20 3
20221213,evening,2,high,10,1,8 3
20221213,evening,2,high,10,2,9 3
20221213,evening,2,high,10,3,5 3
20221213,evening,2,high,10,4,7 3
20221213,evening,2,high,10,5,10 3
20221213,evening,2,high,10,6,4 3
20221213,evening,2,high,10,7,2 3
20221213,evening,2,high,10,8,12 3
20221213,evening,2,high,10,9,19 3
20221213,evening,2,high,10,10,17 3
20221213,evening,3,high,11,1,6 6
20221213,evening,3,high,11,2,9 6
20221213,evening,3,high,11,3,18 6
20221213,evening,3,high,11,4,3 6
20221213,evening,3,high,11,5,4 6
20221213,evening,3,high,11,6,15 6
20221213,evening,3,high,11,7,20 6
20221213,evening,3,high,11,8,17 6
20221213,evening,3,high,11,9,16 6
20221213,evening,3,high,11,10,2 6
20221213,evening,3,high,12,1,8 6
20221213,evening,3,high,12,2,19 6
20221213,evening,3,high,12,3,12 6
20221213,evening,3,high,12,4,5 6
20221213,evening,3,high,12,5,10 6
20221213,evening,3,high,12,6,13 6
20221213,evening,3,high,12,7,11 6
20221213,evening,3,high,12,8,1 6
20221213,evening,3,high,12,9,14 6
20221213,evening,3,high,12,10,7 6
20221213,evening,3,high,13,1,12 5
20221213,evening,3,high,13,2,13 5
20221213,evening,3,high,13,3,20 5
20221213,evening,3,high,13,4,15 5
20221213,evening,3,high,13,5,19 5
20221213,evening,3,high,13,6,10 5
20221213,evening,3,high,13,7,14 5
20221213,evening,3,high,13,8,7 5
20221213,evening,3,high,13,9,16 5
20221213,evening,3,high,13,10,2 5
20221213,evening,3,high,14,1,5 5
20221213,evening,3,high,14,2,8 5
20221213,evening,3,high,14,3,3 5
20221213,evening,3,high,14,4,4 5
20221213,evening,3,high,14,5,9 5
20221213,evening,3,high,14,6,6 5
20221213,evening,3,high,14,7,17 5
20221213,evening,3,high,14,8,18 5
20221213,evening,3,high,14,9,1 5
20221213,evening,3,high,14,10,11 5
20221213,evening,4,ambient,15,1,3 8
20221213,evening,4,ambient,15,2,8 8
20221213,evening,4,ambient,15,3,2 8
20221213,evening,4,ambient,15,4,5 8
20221213,evening,4,ambient,15,5,6 8
20221213,evening,4,ambient,15,6,15 8
20221213,evening,4,ambient,15,7,18 8
20221213,evening,4,ambient,15,8,14 8
20221213,evening,4,ambient,15,9,17 8
20221213,evening,4,ambient,15,10,9 8
20221213,evening,4,ambient,16,1,16 8
20221213,evening,4,ambient,16,2,4 8
20221213,evening,4,ambient,16,3,1 8
20221213,evening,4,ambient,16,4,12 8
20221213,evening,4,ambient,16,5,10 8
20221213,evening,4,ambient,16,6,20 8
20221213,evening,4,ambient,16,7,11 8
20221213,evening,4,ambient,16,8,19 8
20221213,evening,4,ambient,16,9,13 8
20221213,evening,4,ambient,17,1,5 7
20221213,evening,4,ambient,17,2,18 7
20221213,evening,4,ambient,17,3,14 7
20221213,evening,4,ambient,17,4,11 7
20221213,evening,4,ambient,17,5,16 7
20221213,evening,4,ambient,17,6,13 7
20221213,evening,4,ambient,17,7,20 7
20221213,evening,4,ambient,17,8,15 7
20221213,evening,4,ambient,17,9,7 7
20221213,evening,4,ambient,17,10,1 7
20221213,evening,4,ambient,18,1,2 7
20221213,evening,4,ambient,18,2,8 7
20221213,evening,4,ambient,18,3,5 7
20221213,evening,4,ambient,18,4,3 7
20221213,evening,4,ambient,18,5,10 7
20221213,evening,4,ambient,18,6,19 7
20221213,evening,4,ambient,18,7,9 7
20221213,evening,4,ambient,18,8,12 7
20221213,evening,4,ambient,18,9,17 7
20221213,evening,4,ambient,18,10,7 8
20221213,evening,4,ambient,18,11,6 7